{
  "program": {
    "name": "DataProcessorX",
    "version": "1.0.0",
    "status": "running",
    "start_time": "2024-09-03T14:00:00Z",
    "last_update": "2024-09-03T14:05:00Z"
  },
  "input": {
    "source_file": "data/input_dataset.csv",
    "file_size": "20MB",
    "record_count": 15000,
    "import_status": "complete",
    "import_time": "2024-09-03T14:01:00Z"
  },
  "process": {
    "step_1": {
      "name": "Data Cleaning",
      "status": "complete",
      "completion_time": "2024-09-03T14:02:30Z",
      "records_processed": 15000,
      "errors_found": 3,
      "errors_corrected": 3
    },
    "step_2": {
      "name": "Data Transformation",
      "status": "running",
      "start_time": "2024-09-03T14:02:30Z",
      "records_transformed": 5000,
      "progress_percentage": 33.3
    },
    "step_3": {
      "name": "Data Analysis",
      "status": "pending",
      "expected_start_time": "2024-09-03T14:10:00Z"
    }
  },
  "output": {
    "output_file": "data/output_dataset.csv",
    "file_size": "25MB",
    "record_count": 15000,
    "export_status": "pending"
  },
  "logs": [
    {
      "timestamp": "2024-09-03T14:00:00Z",
      "level": "info",
      "message": "Program started"
    },
    {
      "timestamp": "2024-09-03T14:01:00Z",
      "level": "info",
      "message": "Data import completed successfully"
    },
    {
      "timestamp": "2024-09-03T14:02:30Z",
      "level": "info",
      "message": "Data cleaning completed with 3 errors corrected"
    },
    {
      "timestamp": "2024-09-03T14:05:00Z",
      "level": "info",
      "message": "Data transformation 33.3% complete"
    }
  ]
}
